filepath,label,video_id,num_frames,source_type
data\landmarks\about_about_(1).npz,about,about_(1),72,landmark_vector
data\landmarks\about_about_(2).npz,about,about_(2),27,landmark_vector
data\landmarks\about_about_(3).npz,about,about_(3),69,landmark_vector
data\landmarks\about_about_(4).npz,about,about_(4),33,landmark_vector
data\landmarks\about_about_(5).npz,about,about_(5),48,landmark_vector
data\landmarks\about_about_(8).npz,about,about_(8),64,landmark_vector
data\landmarks\accept_accept_(2).npz,accept,accept_(2),21,landmark_vector
data\landmarks\accept_accept_(3).npz,accept,accept_(3),26,landmark_vector
data\landmarks\accept_accept_(4).npz,accept,accept_(4),78,landmark_vector
data\landmarks\accept_accept_(5).npz,accept,accept_(5),39,landmark_vector
data\landmarks\accept_accept_(6).npz,accept,accept_(6),29,landmark_vector
data\landmarks\accept_accept_(7).npz,accept,accept_(7),36,landmark_vector
data\landmarks\accept_accept_(8).npz,accept,accept_(8),25,landmark_vector
data\landmarks\accept_accept_(9).npz,accept,accept_(9),64,landmark_vector
data\landmarks\after_after_(1).npz,after,after_(1),43,landmark_vector
data\landmarks\after_after_(2).npz,after,after_(2),36,landmark_vector
data\landmarks\after_after_(3).npz,after,after_(3),18,landmark_vector
data\landmarks\after_after_(4).npz,after,after_(4),76,landmark_vector
data\landmarks\after_after_(6).npz,after,after_(6),44,landmark_vector
data\landmarks\after_after_(7).npz,after,after_(7),63,landmark_vector
data\landmarks\after_after_(8).npz,after,after_(8),56,landmark_vector
data\landmarks\afternoon_afternoon_(2).npz,afternoon,afternoon_(2),52,landmark_vector
data\landmarks\afternoon_afternoon_(3).npz,afternoon,afternoon_(3),54,landmark_vector
data\landmarks\afternoon_afternoon_(5).npz,afternoon,afternoon_(5),37,landmark_vector
data\landmarks\afternoon_afternoon_(8).npz,afternoon,afternoon_(8),34,landmark_vector
data\landmarks\again_again_(1).npz,again,again_(1),33,landmark_vector
data\landmarks\again_again_(2).npz,again,again_(2),35,landmark_vector
data\landmarks\again_again_(3).npz,again,again_(3),33,landmark_vector
data\landmarks\again_again_(4).npz,again,again_(4),65,landmark_vector
data\landmarks\again_again_(5).npz,again,again_(5),53,landmark_vector
data\landmarks\again_again_(6).npz,again,again_(6),49,landmark_vector
data\landmarks\again_again_(7).npz,again,again_(7),36,landmark_vector
data\landmarks\again_again_(9).npz,again,again_(9),35,landmark_vector
data\landmarks\against_against_(1).npz,against,against_(1),51,landmark_vector
data\landmarks\against_against_(2).npz,against,against_(2),63,landmark_vector
data\landmarks\against_against_(3).npz,against,against_(3),44,landmark_vector
data\landmarks\against_against_(5).npz,against,against_(5),33,landmark_vector
data\landmarks\against_against_(6).npz,against,against_(6),64,landmark_vector
data\landmarks\age_age_(1).npz,age,age_(1),37,landmark_vector
data\landmarks\age_age_(2).npz,age,age_(2),28,landmark_vector
data\landmarks\age_age_(3).npz,age,age_(3),39,landmark_vector
data\landmarks\age_age_(4).npz,age,age_(4),50,landmark_vector
data\landmarks\age_age_(5).npz,age,age_(5),32,landmark_vector
data\landmarks\age_age_(6).npz,age,age_(6),29,landmark_vector
data\landmarks\age_age_(7).npz,age,age_(7),20,landmark_vector
data\landmarks\agree_agree_(3).npz,agree,agree_(3),76,landmark_vector
data\landmarks\agree_agree_(4).npz,agree,agree_(4),64,landmark_vector
data\landmarks\agree_agree_(7).npz,agree,agree_(7),64,landmark_vector
data\landmarks\agree_agree_(8).npz,agree,agree_(8),64,landmark_vector
data\landmarks\allow_allow_(2).npz,allow,allow_(2),61,landmark_vector
data\landmarks\allow_allow_(3).npz,allow,allow_(3),53,landmark_vector
data\landmarks\allow_allow_(4).npz,allow,allow_(4),43,landmark_vector
data\landmarks\allow_allow_(5).npz,allow,allow_(5),50,landmark_vector
data\landmarks\allow_allow_(7).npz,allow,allow_(7),27,landmark_vector
data\landmarks\allow_allow_(9).npz,allow,allow_(9),65,landmark_vector
data\landmarks\ask_ask_(1).npz,ask,ask_(1),31,landmark_vector
data\landmarks\ask_ask_(2).npz,ask,ask_(2),29,landmark_vector
data\landmarks\ask_ask_(3).npz,ask,ask_(3),47,landmark_vector
data\landmarks\ask_ask_(4).npz,ask,ask_(4),41,landmark_vector
data\landmarks\ask_ask_(5).npz,ask,ask_(5),50,landmark_vector
data\landmarks\ask_ask_(6).npz,ask,ask_(6),32,landmark_vector
data\landmarks\ask_ask_(7).npz,ask,ask_(7),25,landmark_vector
data\landmarks\ask_ask_(8).npz,ask,ask_(8),30,landmark_vector
data\landmarks\attitude_attitude_(1).npz,attitude,attitude_(1),38,landmark_vector
data\landmarks\attitude_attitude_(2).npz,attitude,attitude_(2),26,landmark_vector
data\landmarks\attitude_attitude_(3).npz,attitude,attitude_(3),65,landmark_vector
data\landmarks\attitude_attitude_(4).npz,attitude,attitude_(4),39,landmark_vector
data\landmarks\attitude_attitude_(5).npz,attitude,attitude_(5),44,landmark_vector
data\landmarks\attitude_attitude_(6).npz,attitude,attitude_(6),83,landmark_vector
data\landmarks\attitude_attitude_(7).npz,attitude,attitude_(7),26,landmark_vector
data\landmarks\attitude_attitude_(8).npz,attitude,attitude_(8),62,landmark_vector
data\landmarks\away_away_(1).npz,away,away_(1),38,landmark_vector
data\landmarks\away_away_(2).npz,away,away_(2),66,landmark_vector
data\landmarks\away_away_(3).npz,away,away_(3),54,landmark_vector
data\landmarks\away_away_(4).npz,away,away_(4),33,landmark_vector
data\landmarks\away_away_(5).npz,away,away_(5),22,landmark_vector
data\landmarks\away_away_(6).npz,away,away_(6),58,landmark_vector
data\landmarks\away_away_(7).npz,away,away_(7),58,landmark_vector
data\landmarks\awkward_awkward_(2).npz,awkward,awkward_(2),33,landmark_vector
data\landmarks\awkward_awkward_(4).npz,awkward,awkward_(4),33,landmark_vector
data\landmarks\awkward_awkward_(5).npz,awkward,awkward_(5),73,landmark_vector
data\landmarks\awkward_awkward_(6).npz,awkward,awkward_(6),86,landmark_vector
data\landmarks\because_because_(1).npz,because,because_(1),53,landmark_vector
data\landmarks\because_because_(10).npz,because,because_(10),28,landmark_vector
data\landmarks\because_because_(11).npz,because,because_(11),28,landmark_vector
data\landmarks\because_because_(12).npz,because,because_(12),64,landmark_vector
data\landmarks\because_because_(2).npz,because,because_(2),18,landmark_vector
data\landmarks\because_because_(3).npz,because,because_(3),22,landmark_vector
data\landmarks\because_because_(4).npz,because,because_(4),15,landmark_vector
data\landmarks\because_because_(5).npz,because,because_(5),62,landmark_vector
data\landmarks\because_because_(6).npz,because,because_(6),64,landmark_vector
data\landmarks\because_because_(7).npz,because,because_(7),26,landmark_vector
data\landmarks\because_because_(8).npz,because,because_(8),33,landmark_vector
data\landmarks\because_because_(9).npz,because,because_(9),32,landmark_vector
data\landmarks\become_become_(1).npz,become,become_(1),25,landmark_vector
data\landmarks\become_become_(2).npz,become,become_(2),79,landmark_vector
data\landmarks\become_become_(3).npz,become,become_(3),52,landmark_vector
data\landmarks\become_become_(4).npz,become,become_(4),51,landmark_vector
data\landmarks\become_become_(5).npz,become,become_(5),31,landmark_vector
data\landmarks\become_become_(6).npz,become,become_(6),32,landmark_vector
data\landmarks\better_better_(1).npz,better,better_(1),27,landmark_vector
data\landmarks\better_better_(2).npz,better,better_(2),39,landmark_vector
data\landmarks\better_better_(3).npz,better,better_(3),48,landmark_vector
data\landmarks\better_better_(4).npz,better,better_(4),25,landmark_vector
data\landmarks\better_better_(5).npz,better,better_(5),26,landmark_vector
data\landmarks\better_better_(6).npz,better,better_(6),64,landmark_vector
data\landmarks\between_between_(1).npz,between,between_(1),43,landmark_vector
data\landmarks\between_between_(3).npz,between,between_(3),48,landmark_vector
data\landmarks\between_between_(4).npz,between,between_(4),47,landmark_vector
data\landmarks\between_between_(5).npz,between,between_(5),35,landmark_vector
data\landmarks\between_between_(6).npz,between,between_(6),32,landmark_vector
data\landmarks\bring_bring_(3).npz,bring,bring_(3),64,landmark_vector
data\landmarks\bring_bring_(4).npz,bring,bring_(4),46,landmark_vector
data\landmarks\bring_bring_(5).npz,bring,bring_(5),33,landmark_vector
data\landmarks\bring_bring_(6).npz,bring,bring_(6),30,landmark_vector
data\landmarks\bring_bring_(8).npz,bring,bring_(8),74,landmark_vector
data\landmarks\bring_bring_(9).npz,bring,bring_(9),57,landmark_vector
data\landmarks\but_but_(1).npz,but,but_(1),34,landmark_vector
data\landmarks\but_but_(2).npz,but,but_(2),14,landmark_vector
data\landmarks\but_but_(3).npz,but,but_(3),45,landmark_vector
data\landmarks\but_but_(4).npz,but,but_(4),41,landmark_vector
data\landmarks\but_but_(5).npz,but,but_(5),29,landmark_vector
data\landmarks\but_but_(6).npz,but,but_(6),35,landmark_vector
data\landmarks\but_but_(8).npz,but,but_(8),64,landmark_vector
data\landmarks\bye_bye_(1).npz,bye,bye_(1),48,landmark_vector
data\landmarks\bye_bye_(2).npz,bye,bye_(2),60,landmark_vector
data\landmarks\bye_bye_(3).npz,bye,bye_(3),55,landmark_vector
data\landmarks\bye_bye_(4).npz,bye,bye_(4),73,landmark_vector
data\landmarks\bye_bye_(5).npz,bye,bye_(5),35,landmark_vector
data\landmarks\call_call_(1).npz,call,call_(1),24,landmark_vector
data\landmarks\call_call_(10).npz,call,call_(10),31,landmark_vector
data\landmarks\call_call_(11).npz,call,call_(11),24,landmark_vector
data\landmarks\call_call_(12).npz,call,call_(12),23,landmark_vector
data\landmarks\call_call_(2).npz,call,call_(2),30,landmark_vector
data\landmarks\call_call_(3).npz,call,call_(3),23,landmark_vector
data\landmarks\call_call_(5).npz,call,call_(5),44,landmark_vector
data\landmarks\call_call_(6).npz,call,call_(6),37,landmark_vector
data\landmarks\call_call_(7).npz,call,call_(7),40,landmark_vector
data\landmarks\call_call_(8).npz,call,call_(8),34,landmark_vector
data\landmarks\call_call_(9).npz,call,call_(9),34,landmark_vector
data\landmarks\can_can_(4).npz,can,can_(4),38,landmark_vector
data\landmarks\can_can_(5).npz,can,can_(5),39,landmark_vector
data\landmarks\cancel_cancel_(1).npz,cancel,cancel_(1),42,landmark_vector
data\landmarks\cancel_cancel_(3).npz,cancel,cancel_(3),30,landmark_vector
data\landmarks\cancel_cancel_(4).npz,cancel,cancel_(4),33,landmark_vector
data\landmarks\cancel_cancel_(5).npz,cancel,cancel_(5),43,landmark_vector
data\landmarks\cancel_cancel_(6).npz,cancel,cancel_(6),50,landmark_vector
data\landmarks\cancel_cancel_(7).npz,cancel,cancel_(7),43,landmark_vector
data\landmarks\cancel_cancel_(8).npz,cancel,cancel_(8),36,landmark_vector
data\landmarks\cannot_cannot_(1).npz,cannot,cannot_(1),31,landmark_vector
data\landmarks\cannot_cannot_(2).npz,cannot,cannot_(2),24,landmark_vector
data\landmarks\cannot_cannot_(3).npz,cannot,cannot_(3),57,landmark_vector
data\landmarks\cannot_cannot_(4).npz,cannot,cannot_(4),21,landmark_vector
data\landmarks\care_care_(1).npz,care,care_(1),32,landmark_vector
data\landmarks\care_care_(2).npz,care,care_(2),116,landmark_vector
data\landmarks\care_care_(3).npz,care,care_(3),61,landmark_vector
data\landmarks\care_care_(4).npz,care,care_(4),18,landmark_vector
data\landmarks\care_care_(5).npz,care,care_(5),39,landmark_vector
data\landmarks\care_care_(6).npz,care,care_(6),26,landmark_vector
data\landmarks\come_come_(1).npz,come,come_(1),64,landmark_vector
data\landmarks\come_come_(2).npz,come,come_(2),26,landmark_vector
data\landmarks\come_come_(5).npz,come,come_(5),43,landmark_vector
data\landmarks\come_come_(7).npz,come,come_(7),68,landmark_vector
data\landmarks\continue_continue_(1).npz,continue,continue_(1),40,landmark_vector
data\landmarks\continue_continue_(2).npz,continue,continue_(2),43,landmark_vector
data\landmarks\continue_continue_(3).npz,continue,continue_(3),26,landmark_vector
data\landmarks\continue_continue_(4).npz,continue,continue_(4),53,landmark_vector
data\landmarks\continue_continue_(5).npz,continue,continue_(5),30,landmark_vector
data\landmarks\continue_continue_(6).npz,continue,continue_(6),29,landmark_vector
data\landmarks\continue_continue_(7).npz,continue,continue_(7),27,landmark_vector
data\landmarks\control_control_(2).npz,control,control_(2),20,landmark_vector
data\landmarks\copy_copy_(2).npz,copy,copy_(2),25,landmark_vector
data\landmarks\copy_copy_(3).npz,copy,copy_(3),51,landmark_vector
data\landmarks\copy_copy_(4).npz,copy,copy_(4),52,landmark_vector
data\landmarks\copy_copy_(5).npz,copy,copy_(5),42,landmark_vector
data\landmarks\copy_copy_(8).npz,copy,copy_(8),25,landmark_vector
data\landmarks\correct_correct_(3).npz,correct,correct_(3),41,landmark_vector
data\landmarks\correct_correct_(4).npz,correct,correct_(4),50,landmark_vector
data\landmarks\correct_correct_(6).npz,correct,correct_(6),43,landmark_vector
data\landmarks\correct_correct_(7).npz,correct,correct_(7),36,landmark_vector
data\landmarks\correct_correct_(8).npz,correct,correct_(8),35,landmark_vector
data\landmarks\correct_correct_(9).npz,correct,correct_(9),27,landmark_vector
data\landmarks\cost_cost_(2).npz,cost,cost_(2),38,landmark_vector
data\landmarks\cost_cost_(3).npz,cost,cost_(3),43,landmark_vector
data\landmarks\cost_cost_(4).npz,cost,cost_(4),41,landmark_vector
data\landmarks\cost_cost_(5).npz,cost,cost_(5),32,landmark_vector
data\landmarks\cost_cost_(6).npz,cost,cost_(6),32,landmark_vector
data\landmarks\cost_cost_(7).npz,cost,cost_(7),32,landmark_vector
data\landmarks\cry_cry_(10).npz,cry,cry_(10),36,landmark_vector
data\landmarks\cry_cry_(2).npz,cry,cry_(2),42,landmark_vector
data\landmarks\cry_cry_(3).npz,cry,cry_(3),22,landmark_vector
data\landmarks\cry_cry_(4).npz,cry,cry_(4),58,landmark_vector
data\landmarks\cry_cry_(5).npz,cry,cry_(5),32,landmark_vector
data\landmarks\cry_cry_(6).npz,cry,cry_(6),32,landmark_vector
data\landmarks\cry_cry_(7).npz,cry,cry_(7),25,landmark_vector
data\landmarks\cry_cry_(9).npz,cry,cry_(9),41,landmark_vector
data\landmarks\daily_daily_(1).npz,daily,daily_(1),51,landmark_vector
data\landmarks\daily_daily_(2).npz,daily,daily_(2),49,landmark_vector
data\landmarks\daily_daily_(3).npz,daily,daily_(3),38,landmark_vector
data\landmarks\daily_daily_(4).npz,daily,daily_(4),47,landmark_vector
data\landmarks\daily_daily_(5).npz,daily,daily_(5),27,landmark_vector
data\landmarks\danger_danger_(4).npz,danger,danger_(4),64,landmark_vector
data\landmarks\danger_danger_(5).npz,danger,danger_(5),58,landmark_vector
data\landmarks\decide_decide_(3).npz,decide,decide_(3),21,landmark_vector
data\landmarks\decide_decide_(4).npz,decide,decide_(4),55,landmark_vector
data\landmarks\decide_decide_(5).npz,decide,decide_(5),45,landmark_vector
data\landmarks\decide_decide_(7).npz,decide,decide_(7),46,landmark_vector
data\landmarks\describe_describe_(5).npz,describe,describe_(5),53,landmark_vector
data\landmarks\disagree_disagree_(1).npz,disagree,disagree_(1),43,landmark_vector
data\landmarks\disagree_disagree_(2).npz,disagree,disagree_(2),56,landmark_vector
data\landmarks\disagree_disagree_(3).npz,disagree,disagree_(3),28,landmark_vector
data\landmarks\disagree_disagree_(4).npz,disagree,disagree_(4),51,landmark_vector
data\landmarks\disagree_disagree_(5).npz,disagree,disagree_(5),28,landmark_vector
data\landmarks\doubt_doubt_(1).npz,doubt,doubt_(1),26,landmark_vector
data\landmarks\doubt_doubt_(2).npz,doubt,doubt_(2),25,landmark_vector
data\landmarks\doubt_doubt_(3).npz,doubt,doubt_(3),59,landmark_vector
data\landmarks\doubt_doubt_(4).npz,doubt,doubt_(4),52,landmark_vector
data\landmarks\doubt_doubt_(5).npz,doubt,doubt_(5),50,landmark_vector
data\landmarks\doubt_doubt_(6).npz,doubt,doubt_(6),23,landmark_vector
data\landmarks\during_during_(2).npz,during,during_(2),21,landmark_vector
data\landmarks\during_during_(3).npz,during,during_(3),46,landmark_vector
data\landmarks\during_during_(4).npz,during,during_(4),27,landmark_vector
data\landmarks\during_during_(5).npz,during,during_(5),55,landmark_vector
data\landmarks\during_during_(6).npz,during,during_(6),32,landmark_vector
data\landmarks\early_early_(1).npz,early,early_(1),54,landmark_vector
data\landmarks\early_early_(2).npz,early,early_(2),40,landmark_vector
data\landmarks\early_early_(5).npz,early,early_(5),48,landmark_vector
data\landmarks\early_early_(7).npz,early,early_(7),64,landmark_vector
data\landmarks\earn_earn_(1).npz,earn,earn_(1),80,landmark_vector
data\landmarks\earn_earn_(2).npz,earn,earn_(2),21,landmark_vector
data\landmarks\earn_earn_(3).npz,earn,earn_(3),46,landmark_vector
data\landmarks\earn_earn_(4).npz,earn,earn_(4),38,landmark_vector
data\landmarks\earn_earn_(5).npz,earn,earn_(5),42,landmark_vector
data\landmarks\easy_easy_(2).npz,easy,easy_(2),29,landmark_vector
data\landmarks\easy_easy_(4).npz,easy,easy_(4),38,landmark_vector
data\landmarks\easy_easy_(7).npz,easy,easy_(7),64,landmark_vector
data\landmarks\end_end_(1).npz,end,end_(1),32,landmark_vector
data\landmarks\end_end_(2).npz,end,end_(2),29,landmark_vector
data\landmarks\end_end_(3).npz,end,end_(3),46,landmark_vector
data\landmarks\end_end_(4).npz,end,end_(4),21,landmark_vector
data\landmarks\end_end_(5).npz,end,end_(5),28,landmark_vector
data\landmarks\end_end_(7).npz,end,end_(7),33,landmark_vector
data\landmarks\end_end_(8).npz,end,end_(8),47,landmark_vector
data\landmarks\enough_enough_(1).npz,enough,enough_(1),107,landmark_vector
data\landmarks\enough_enough_(2).npz,enough,enough_(2),45,landmark_vector
data\landmarks\enough_enough_(3).npz,enough,enough_(3),45,landmark_vector
data\landmarks\enough_enough_(4).npz,enough,enough_(4),42,landmark_vector
data\landmarks\enough_enough_(5).npz,enough,enough_(5),22,landmark_vector
data\landmarks\enough_enough_(6).npz,enough,enough_(6),64,landmark_vector
data\landmarks\every_every_(3).npz,every,every_(3),47,landmark_vector
data\landmarks\every_every_(4).npz,every,every_(4),39,landmark_vector
data\landmarks\every_every_(5).npz,every,every_(5),57,landmark_vector
data\landmarks\every_every_(6).npz,every,every_(6),62,landmark_vector
data\landmarks\everyday_everyday_(1).npz,everyday,everyday_(1),51,landmark_vector
data\landmarks\everyday_everyday_(2).npz,everyday,everyday_(2),48,landmark_vector
data\landmarks\everyday_everyday_(3).npz,everyday,everyday_(3),38,landmark_vector
data\landmarks\everyday_everyday_(4).npz,everyday,everyday_(4),36,landmark_vector
data\landmarks\everyday_everyday_(5).npz,everyday,everyday_(5),44,landmark_vector
data\landmarks\everything_everything_(2).npz,everything,everything_(2),54,landmark_vector
data\landmarks\everything_everything_(3).npz,everything,everything_(3),76,landmark_vector
data\landmarks\everything_everything_(5).npz,everything,everything_(5),46,landmark_vector
data\landmarks\face_face_(1).npz,face,face_(1),52,landmark_vector
data\landmarks\face_face_(2).npz,face,face_(2),23,landmark_vector
data\landmarks\face_face_(3).npz,face,face_(3),35,landmark_vector
data\landmarks\face_face_(4).npz,face,face_(4),26,landmark_vector
data\landmarks\face_face_(5).npz,face,face_(5),66,landmark_vector
data\landmarks\face_face_(6).npz,face,face_(6),40,landmark_vector
data\landmarks\face_face_(7).npz,face,face_(7),13,landmark_vector
data\landmarks\face_face_(8).npz,face,face_(8),26,landmark_vector
data\landmarks\fake_fake_(1).npz,fake,fake_(1),41,landmark_vector
data\landmarks\fake_fake_(2).npz,fake,fake_(2),22,landmark_vector
data\landmarks\fake_fake_(3).npz,fake,fake_(3),35,landmark_vector
data\landmarks\fake_fake_(4).npz,fake,fake_(4),35,landmark_vector
data\landmarks\fake_fake_(5).npz,fake,fake_(5),25,landmark_vector
data\landmarks\fake_fake_(6).npz,fake,fake_(6),18,landmark_vector
data\landmarks\family_family_(1).npz,family,family_(1),62,landmark_vector
data\landmarks\family_family_(10).npz,family,family_(10),23,landmark_vector
data\landmarks\family_family_(11).npz,family,family_(11),50,landmark_vector
data\landmarks\family_family_(2).npz,family,family_(2),55,landmark_vector
data\landmarks\family_family_(4).npz,family,family_(4),53,landmark_vector
data\landmarks\family_family_(5).npz,family,family_(5),26,landmark_vector
data\landmarks\family_family_(6).npz,family,family_(6),68,landmark_vector
data\landmarks\family_family_(7).npz,family,family_(7),60,landmark_vector
data\landmarks\family_family_(8).npz,family,family_(8),41,landmark_vector
data\landmarks\few_few_(1).npz,few,few_(1),47,landmark_vector
data\landmarks\few_few_(2).npz,few,few_(2),47,landmark_vector
data\landmarks\few_few_(3).npz,few,few_(3),49,landmark_vector
data\landmarks\few_few_(4).npz,few,few_(4),61,landmark_vector
data\landmarks\few_few_(5).npz,few,few_(5),38,landmark_vector
data\landmarks\few_few_(6).npz,few,few_(6),28,landmark_vector
data\landmarks\finish_finish_(1).npz,finish,finish_(1),29,landmark_vector
data\landmarks\finish_finish_(2).npz,finish,finish_(2),32,landmark_vector
data\landmarks\finish_finish_(3).npz,finish,finish_(3),13,landmark_vector
data\landmarks\finish_finish_(4).npz,finish,finish_(4),24,landmark_vector
data\landmarks\finish_finish_(5).npz,finish,finish_(5),36,landmark_vector
data\landmarks\finish_finish_(6).npz,finish,finish_(6),44,landmark_vector
data\landmarks\finish_finish_(7).npz,finish,finish_(7),29,landmark_vector
data\landmarks\finish_finish_(8).npz,finish,finish_(8),29,landmark_vector
data\landmarks\finish_finish_(9).npz,finish,finish_(9),25,landmark_vector
data\landmarks\for_for_(1).npz,for,for_(1),15,landmark_vector
data\landmarks\for_for_(2).npz,for,for_(2),42,landmark_vector
data\landmarks\for_for_(3).npz,for,for_(3),24,landmark_vector
data\landmarks\for_for_(4).npz,for,for_(4),30,landmark_vector
data\landmarks\for_for_(5).npz,for,for_(5),23,landmark_vector
data\landmarks\for_for_(6).npz,for,for_(6),62,landmark_vector
data\landmarks\forever_forever_(1).npz,forever,forever_(1),60,landmark_vector
data\landmarks\forever_forever_(2).npz,forever,forever_(2),20,landmark_vector
data\landmarks\forever_forever_(3).npz,forever,forever_(3),23,landmark_vector
data\landmarks\forever_forever_(4).npz,forever,forever_(4),25,landmark_vector
data\landmarks\forever_forever_(5).npz,forever,forever_(5),49,landmark_vector
data\landmarks\forever_forever_(6).npz,forever,forever_(6),25,landmark_vector
data\landmarks\forget_forget_(1).npz,forget,forget_(1),34,landmark_vector
data\landmarks\forget_forget_(2).npz,forget,forget_(2),23,landmark_vector
data\landmarks\forget_forget_(3).npz,forget,forget_(3),28,landmark_vector
data\landmarks\forget_forget_(4).npz,forget,forget_(4),48,landmark_vector
data\landmarks\forget_forget_(5).npz,forget,forget_(5),41,landmark_vector
data\landmarks\forget_forget_(6).npz,forget,forget_(6),36,landmark_vector
data\landmarks\forget_forget_(7).npz,forget,forget_(7),20,landmark_vector
data\landmarks\forgive_forgive_(4).npz,forgive,forgive_(4),28,landmark_vector
data\landmarks\go_go_(1).npz,go,go_(1),36,landmark_vector
data\landmarks\go_go_(10).npz,go,go_(10),45,landmark_vector
data\landmarks\go_go_(11).npz,go,go_(11),45,landmark_vector
data\landmarks\go_go_(12).npz,go,go_(12),42,landmark_vector
data\landmarks\go_go_(15).npz,go,go_(15),39,landmark_vector
data\landmarks\go_go_(4).npz,go,go_(4),24,landmark_vector
data\landmarks\go_go_(5).npz,go,go_(5),35,landmark_vector
data\landmarks\go_go_(6).npz,go,go_(6),33,landmark_vector
data\landmarks\go_go_(7).npz,go,go_(7),60,landmark_vector
data\landmarks\go_go_(8).npz,go,go_(8),60,landmark_vector
data\landmarks\go_go_(9).npz,go,go_(9),45,landmark_vector
data\landmarks\good_good_(10).npz,good,good_(10),30,landmark_vector
data\landmarks\good_good_(3).npz,good,good_(3),25,landmark_vector
data\landmarks\good_good_(4).npz,good,good_(4),14,landmark_vector
data\landmarks\good_good_(5).npz,good,good_(5),43,landmark_vector
data\landmarks\good_good_(6).npz,good,good_(6),50,landmark_vector
data\landmarks\good_good_(7).npz,good,good_(7),34,landmark_vector
data\landmarks\good_good_(9).npz,good,good_(9),26,landmark_vector
data\landmarks\great_great_(1).npz,great,great_(1),53,landmark_vector
data\landmarks\great_great_(2).npz,great,great_(2),27,landmark_vector
data\landmarks\great_great_(3).npz,great,great_(3),24,landmark_vector
data\landmarks\great_great_(4).npz,great,great_(4),38,landmark_vector
data\landmarks\great_great_(5).npz,great,great_(5),30,landmark_vector
data\landmarks\great_great_(7).npz,great,great_(7),51,landmark_vector
data\landmarks\great_great_(9).npz,great,great_(9),58,landmark_vector
data\landmarks\guess_guess_(1).npz,guess,guess_(1),23,landmark_vector
data\landmarks\guess_guess_(2).npz,guess,guess_(2),23,landmark_vector
data\landmarks\guess_guess_(3).npz,guess,guess_(3),58,landmark_vector
data\landmarks\guess_guess_(4).npz,guess,guess_(4),64,landmark_vector
data\landmarks\guess_guess_(5).npz,guess,guess_(5),34,landmark_vector
data\landmarks\guess_guess_(6).npz,guess,guess_(6),36,landmark_vector
data\landmarks\guess_guess_(7).npz,guess,guess_(7),23,landmark_vector
data\landmarks\have_have_(1).npz,have,have_(1),39,landmark_vector
data\landmarks\have_have_(3).npz,have,have_(3),38,landmark_vector
data\landmarks\have_have_(4).npz,have,have_(4),26,landmark_vector
data\landmarks\have_have_(5).npz,have,have_(5),19,landmark_vector
data\landmarks\have_have_(6).npz,have,have_(6),31,landmark_vector
data\landmarks\have_have_(7).npz,have,have_(7),64,landmark_vector
data\landmarks\hello_hello_(1).npz,hello,hello_(1),42,landmark_vector
data\landmarks\hello_hello_(2).npz,hello,hello_(2),32,landmark_vector
data\landmarks\hello_hello_(3).npz,hello,hello_(3),31,landmark_vector
data\landmarks\hello_hello_(4).npz,hello,hello_(4),31,landmark_vector
data\landmarks\hello_hello_(5).npz,hello,hello_(5),29,landmark_vector
data\landmarks\help_help_(1).npz,help,help_(1),42,landmark_vector
data\landmarks\help_help_(10).npz,help,help_(10),37,landmark_vector
data\landmarks\help_help_(11).npz,help,help_(11),25,landmark_vector
data\landmarks\help_help_(12).npz,help,help_(12),31,landmark_vector
data\landmarks\help_help_(13).npz,help,help_(13),28,landmark_vector
data\landmarks\help_help_(14).npz,help,help_(14),57,landmark_vector
data\landmarks\help_help_(2).npz,help,help_(2),46,landmark_vector
data\landmarks\help_help_(3).npz,help,help_(3),44,landmark_vector
data\landmarks\help_help_(4).npz,help,help_(4),44,landmark_vector
data\landmarks\help_help_(5).npz,help,help_(5),49,landmark_vector
data\landmarks\help_help_(6).npz,help,help_(6),53,landmark_vector
data\landmarks\help_help_(7).npz,help,help_(7),30,landmark_vector
data\landmarks\help_help_(8).npz,help,help_(8),53,landmark_vector
data\landmarks\help_help_(9).npz,help,help_(9),63,landmark_vector
data\landmarks\her_her_(1).npz,her,her_(1),45,landmark_vector
data\landmarks\her_her_(2).npz,her,her_(2),60,landmark_vector
data\landmarks\her_her_(3).npz,her,her_(3),50,landmark_vector
data\landmarks\her_her_(4).npz,her,her_(4),75,landmark_vector
data\landmarks\her_her_(5).npz,her,her_(5),26,landmark_vector
data\landmarks\her_her_(6).npz,her,her_(6),31,landmark_vector
data\landmarks\her_her_(7).npz,her,her_(7),24,landmark_vector
data\landmarks\her_her_(8).npz,her,her_(8),24,landmark_vector
data\landmarks\here_here_(2).npz,here,here_(2),59,landmark_vector
data\landmarks\here_here_(4).npz,here,here_(4),58,landmark_vector
data\landmarks\herself_herself_(1).npz,herself,herself_(1),31,landmark_vector
data\landmarks\herself_herself_(2).npz,herself,herself_(2),43,landmark_vector
data\landmarks\herself_herself_(3).npz,herself,herself_(3),46,landmark_vector
data\landmarks\herself_herself_(4).npz,herself,herself_(4),45,landmark_vector
data\landmarks\herself_herself_(5).npz,herself,herself_(5),29,landmark_vector
data\landmarks\herself_herself_(6).npz,herself,herself_(6),40,landmark_vector
data\landmarks\his_his_(1).npz,his,his_(1),53,landmark_vector
data\landmarks\his_his_(2).npz,his,his_(2),19,landmark_vector
data\landmarks\his_his_(3).npz,his,his_(3),20,landmark_vector
data\landmarks\his_his_(4).npz,his,his_(4),31,landmark_vector
data\landmarks\his_his_(5).npz,his,his_(5),34,landmark_vector
data\landmarks\his_his_(6).npz,his,his_(6),24,landmark_vector
data\landmarks\home_home_(1).npz,home,home_(1),61,landmark_vector
data\landmarks\home_home_(2).npz,home,home_(2),26,landmark_vector
data\landmarks\home_home_(3).npz,home,home_(3),51,landmark_vector
data\landmarks\home_home_(4).npz,home,home_(4),49,landmark_vector
data\landmarks\home_home_(5).npz,home,home_(5),34,landmark_vector
data\landmarks\home_home_(6).npz,home,home_(6),33,landmark_vector
data\landmarks\home_home_(7).npz,home,home_(7),33,landmark_vector
data\landmarks\home_home_(8).npz,home,home_(8),62,landmark_vector
data\landmarks\honest_honest_(3).npz,honest,honest_(3),44,landmark_vector
data\landmarks\honest_honest_(4).npz,honest,honest_(4),34,landmark_vector
data\landmarks\hurt_hurt_(1).npz,hurt,hurt_(1),51,landmark_vector
data\landmarks\hurt_hurt_(3).npz,hurt,hurt_(3),54,landmark_vector
data\landmarks\hurt_hurt_(5).npz,hurt,hurt_(5),32,landmark_vector
data\landmarks\hurt_hurt_(6).npz,hurt,hurt_(6),62,landmark_vector
data\landmarks\husband_husband_(1).npz,husband,husband_(1),38,landmark_vector
data\landmarks\husband_husband_(2).npz,husband,husband_(2),48,landmark_vector
data\landmarks\husband_husband_(5).npz,husband,husband_(5),63,landmark_vector
data\landmarks\husband_husband_(6).npz,husband,husband_(6),46,landmark_vector
data\landmarks\husband_husband_(7).npz,husband,husband_(7),44,landmark_vector
data\landmarks\husband_husband_(8).npz,husband,husband_(8),28,landmark_vector
data\landmarks\husband_husband_(9).npz,husband,husband_(9),25,landmark_vector
data\landmarks\if_if_(1).npz,if,if_(1),26,landmark_vector
data\landmarks\if_if_(2).npz,if,if_(2),26,landmark_vector
data\landmarks\if_if_(3).npz,if,if_(3),43,landmark_vector
data\landmarks\if_if_(4).npz,if,if_(4),26,landmark_vector
data\landmarks\if_if_(5).npz,if,if_(5),35,landmark_vector
data\landmarks\if_if_(6).npz,if,if_(6),40,landmark_vector
data\landmarks\if_if_(7).npz,if,if_(7),41,landmark_vector
data\landmarks\ignore_ignore_(1).npz,ignore,ignore_(1),20,landmark_vector
data\landmarks\ignore_ignore_(2).npz,ignore,ignore_(2),40,landmark_vector
data\landmarks\ignore_ignore_(3).npz,ignore,ignore_(3),22,landmark_vector
data\landmarks\ignore_ignore_(4).npz,ignore,ignore_(4),23,landmark_vector
data\landmarks\ignore_ignore_(5).npz,ignore,ignore_(5),24,landmark_vector
data\landmarks\ignore_ignore_(6).npz,ignore,ignore_(6),48,landmark_vector
data\landmarks\ignore_ignore_(7).npz,ignore,ignore_(7),28,landmark_vector
data\landmarks\ignore_ignore_(8).npz,ignore,ignore_(8),27,landmark_vector
data\landmarks\important_important_(1).npz,important,important_(1),38,landmark_vector
data\landmarks\important_important_(5).npz,important,important_(5),34,landmark_vector
data\landmarks\important_important_(7).npz,important,important_(7),37,landmark_vector
data\landmarks\impossible_impossible_(1).npz,impossible,impossible_(1),35,landmark_vector
data\landmarks\impossible_impossible_(2).npz,impossible,impossible_(2),32,landmark_vector
data\landmarks\impossible_impossible_(4).npz,impossible,impossible_(4),61,landmark_vector
data\landmarks\impossible_impossible_(5).npz,impossible,impossible_(5),49,landmark_vector
data\landmarks\impossible_impossible_(7).npz,impossible,impossible_(7),28,landmark_vector
data\landmarks\improve_improve_(1).npz,improve,improve_(1),52,landmark_vector
data\landmarks\improve_improve_(10).npz,improve,improve_(10),45,landmark_vector
data\landmarks\improve_improve_(11).npz,improve,improve_(11),50,landmark_vector
data\landmarks\improve_improve_(12).npz,improve,improve_(12),31,landmark_vector
data\landmarks\improve_improve_(3).npz,improve,improve_(3),23,landmark_vector
data\landmarks\improve_improve_(4).npz,improve,improve_(4),51,landmark_vector
data\landmarks\improve_improve_(5).npz,improve,improve_(5),34,landmark_vector
data\landmarks\improve_improve_(6).npz,improve,improve_(6),32,landmark_vector
data\landmarks\improve_improve_(7).npz,improve,improve_(7),25,landmark_vector
data\landmarks\improve_improve_(8).npz,improve,improve_(8),42,landmark_vector
data\landmarks\improve_improve_(9).npz,improve,improve_(9),41,landmark_vector
data\landmarks\in_in_(1).npz,in,in_(1),28,landmark_vector
data\landmarks\in_in_(3).npz,in,in_(3),21,landmark_vector
data\landmarks\in_in_(4).npz,in,in_(4),49,landmark_vector
data\landmarks\in_in_(5).npz,in,in_(5),26,landmark_vector
data\landmarks\in_in_(6).npz,in,in_(6),23,landmark_vector
data\landmarks\in_in_(8).npz,in,in_(8),41,landmark_vector
data\landmarks\include_include_(1).npz,include,include_(1),58,landmark_vector
data\landmarks\include_include_(2).npz,include,include_(2),55,landmark_vector
data\landmarks\include_include_(3).npz,include,include_(3),57,landmark_vector
data\landmarks\include_include_(4).npz,include,include_(4),60,landmark_vector
data\landmarks\include_include_(5).npz,include,include_(5),32,landmark_vector
data\landmarks\inside_inside_(2).npz,inside,inside_(2),19,landmark_vector
data\landmarks\inside_inside_(4).npz,inside,inside_(4),22,landmark_vector
data\landmarks\inside_inside_(5).npz,inside,inside_(5),41,landmark_vector
data\landmarks\inside_inside_(7).npz,inside,inside_(7),28,landmark_vector
data\landmarks\jealous_jealous_(1).npz,jealous,jealous_(1),32,landmark_vector
data\landmarks\jealous_jealous_(2).npz,jealous,jealous_(2),62,landmark_vector
data\landmarks\jealous_jealous_(3).npz,jealous,jealous_(3),43,landmark_vector
data\landmarks\jealous_jealous_(4).npz,jealous,jealous_(4),45,landmark_vector
data\landmarks\jealous_jealous_(5).npz,jealous,jealous_(5),44,landmark_vector
data\landmarks\jealous_jealous_(6).npz,jealous,jealous_(6),47,landmark_vector
data\landmarks\jealous_jealous_(7).npz,jealous,jealous_(7),36,landmark_vector
data\landmarks\jealous_jealous_(8).npz,jealous,jealous_(8),52,landmark_vector
data\landmarks\keep_keep_(2).npz,keep,keep_(2),23,landmark_vector
data\landmarks\keep_keep_(3).npz,keep,keep_(3),44,landmark_vector
data\landmarks\keep_keep_(4).npz,keep,keep_(4),27,landmark_vector
data\landmarks\keep_keep_(5).npz,keep,keep_(5),60,landmark_vector
data\landmarks\keep_keep_(6).npz,keep,keep_(6),40,landmark_vector
data\landmarks\keep_keep_(7).npz,keep,keep_(7),23,landmark_vector
data\landmarks\kitchen_kitchen_(1).npz,kitchen,kitchen_(1),48,landmark_vector
data\landmarks\kitchen_kitchen_(2).npz,kitchen,kitchen_(2),33,landmark_vector
data\landmarks\kitchen_kitchen_(3).npz,kitchen,kitchen_(3),30,landmark_vector
data\landmarks\kitchen_kitchen_(4).npz,kitchen,kitchen_(4),52,landmark_vector
data\landmarks\kitchen_kitchen_(5).npz,kitchen,kitchen_(5),49,landmark_vector
data\landmarks\kitchen_kitchen_(6).npz,kitchen,kitchen_(6),49,landmark_vector
data\landmarks\knife_knife_(1).npz,knife,knife_(1),46,landmark_vector
data\landmarks\knife_knife_(2).npz,knife,knife_(2),48,landmark_vector
data\landmarks\knife_knife_(3).npz,knife,knife_(3),25,landmark_vector
data\landmarks\knife_knife_(4).npz,knife,knife_(4),28,landmark_vector
data\landmarks\knife_knife_(5).npz,knife,knife_(5),57,landmark_vector
data\landmarks\knife_knife_(6).npz,knife,knife_(6),39,landmark_vector
data\landmarks\knife_knife_(7).npz,knife,knife_(7),23,landmark_vector
data\landmarks\language_language_(1).npz,language,language_(1),50,landmark_vector
data\landmarks\language_language_(10).npz,language,language_(10),17,landmark_vector
data\landmarks\language_language_(2).npz,language,language_(2),31,landmark_vector
data\landmarks\language_language_(3).npz,language,language_(3),30,landmark_vector
data\landmarks\language_language_(7).npz,language,language_(7),37,landmark_vector
data\landmarks\language_language_(9).npz,language,language_(9),24,landmark_vector
data\landmarks\large_large_(3).npz,large,large_(3),27,landmark_vector
data\landmarks\large_large_(4).npz,large,large_(4),24,landmark_vector
data\landmarks\large_large_(5).npz,large,large_(5),56,landmark_vector
data\landmarks\large_large_(6).npz,large,large_(6),58,landmark_vector
data\landmarks\late_late_(1).npz,late,late_(1),31,landmark_vector
data\landmarks\late_late_(2).npz,late,late_(2),52,landmark_vector
data\landmarks\late_late_(3).npz,late,late_(3),23,landmark_vector
data\landmarks\late_late_(4).npz,late,late_(4),60,landmark_vector
data\landmarks\late_late_(5).npz,late,late_(5),51,landmark_vector
data\landmarks\late_late_(6).npz,late,late_(6),35,landmark_vector
data\landmarks\late_late_(7).npz,late,late_(7),35,landmark_vector
data\landmarks\late_late_(8).npz,late,late_(8),18,landmark_vector
data\landmarks\later_later_(10).npz,later,later_(10),38,landmark_vector
data\landmarks\later_later_(11).npz,later,later_(11),29,landmark_vector
data\landmarks\later_later_(2).npz,later,later_(2),20,landmark_vector
data\landmarks\later_later_(3).npz,later,later_(3),23,landmark_vector
data\landmarks\later_later_(4).npz,later,later_(4),23,landmark_vector
data\landmarks\later_later_(5).npz,later,later_(5),30,landmark_vector
data\landmarks\later_later_(6).npz,later,later_(6),30,landmark_vector
data\landmarks\later_later_(7).npz,later,later_(7),72,landmark_vector
data\landmarks\later_later_(8).npz,later,later_(8),37,landmark_vector
data\landmarks\later_later_(9).npz,later,later_(9),38,landmark_vector
data\landmarks\laugh_laugh_(1).npz,laugh,laugh_(1),79,landmark_vector
data\landmarks\laugh_laugh_(2).npz,laugh,laugh_(2),29,landmark_vector
data\landmarks\laugh_laugh_(3).npz,laugh,laugh_(3),28,landmark_vector
data\landmarks\laugh_laugh_(4).npz,laugh,laugh_(4),24,landmark_vector
data\landmarks\laugh_laugh_(5).npz,laugh,laugh_(5),28,landmark_vector
data\landmarks\laugh_laugh_(6).npz,laugh,laugh_(6),27,landmark_vector
data\landmarks\laugh_laugh_(7).npz,laugh,laugh_(7),60,landmark_vector
data\landmarks\laugh_laugh_(8).npz,laugh,laugh_(8),49,landmark_vector
data\landmarks\laugh_laugh_(9).npz,laugh,laugh_(9),57,landmark_vector
data\landmarks\lie_lie_(1).npz,lie,lie_(1),31,landmark_vector
data\landmarks\lie_lie_(2).npz,lie,lie_(2),25,landmark_vector
data\landmarks\lie_lie_(3).npz,lie,lie_(3),45,landmark_vector
data\landmarks\lie_lie_(4).npz,lie,lie_(4),43,landmark_vector
data\landmarks\lie_lie_(5).npz,lie,lie_(5),28,landmark_vector
data\landmarks\lie_lie_(6).npz,lie,lie_(6),37,landmark_vector
data\landmarks\lie_lie_(7).npz,lie,lie_(7),28,landmark_vector
data\landmarks\light_light_(1).npz,light,light_(1),22,landmark_vector
data\landmarks\light_light_(2).npz,light,light_(2),15,landmark_vector
data\landmarks\light_light_(3).npz,light,light_(3),50,landmark_vector
data\landmarks\light_light_(4).npz,light,light_(4),31,landmark_vector
data\landmarks\light_light_(5).npz,light,light_(5),36,landmark_vector
data\landmarks\light_light_(7).npz,light,light_(7),51,landmark_vector
data\landmarks\light_light_(8).npz,light,light_(8),26,landmark_vector
data\landmarks\like_like_(1).npz,like,like_(1),34,landmark_vector
data\landmarks\like_like_(10).npz,like,like_(10),44,landmark_vector
data\landmarks\like_like_(11).npz,like,like_(11),33,landmark_vector
data\landmarks\like_like_(2).npz,like,like_(2),41,landmark_vector
data\landmarks\like_like_(3).npz,like,like_(3),33,landmark_vector
data\landmarks\like_like_(4).npz,like,like_(4),48,landmark_vector
data\landmarks\like_like_(5).npz,like,like_(5),54,landmark_vector
data\landmarks\like_like_(6).npz,like,like_(6),64,landmark_vector
data\landmarks\like_like_(7).npz,like,like_(7),36,landmark_vector
data\landmarks\like_like_(8).npz,like,like_(8),30,landmark_vector
data\landmarks\like_like_(9).npz,like,like_(9),47,landmark_vector
data\landmarks\make_make_(2).npz,make,make_(2),33,landmark_vector
data\landmarks\make_make_(3).npz,make,make_(3),44,landmark_vector
data\landmarks\make_make_(4).npz,make,make_(4),24,landmark_vector
data\landmarks\make_make_(5).npz,make,make_(5),31,landmark_vector
data\landmarks\make_make_(6).npz,make,make_(6),68,landmark_vector
data\landmarks\make_make_(7).npz,make,make_(7),64,landmark_vector
data\landmarks\make_make_(8).npz,make,make_(8),36,landmark_vector
data\landmarks\make_make_(9).npz,make,make_(9),33,landmark_vector
data\landmarks\many_many_(1).npz,many,many_(1),25,landmark_vector
data\landmarks\many_many_(3).npz,many,many_(3),33,landmark_vector
data\landmarks\many_many_(4).npz,many,many_(4),24,landmark_vector
data\landmarks\many_many_(5).npz,many,many_(5),57,landmark_vector
data\landmarks\many_many_(6).npz,many,many_(6),29,landmark_vector
data\landmarks\many_many_(7).npz,many,many_(7),46,landmark_vector
data\landmarks\many_many_(8).npz,many,many_(8),41,landmark_vector
data\landmarks\many_many_(9).npz,many,many_(9),34,landmark_vector
data\landmarks\match_match_(1).npz,match,match_(1),36,landmark_vector
data\landmarks\match_match_(3).npz,match,match_(3),86,landmark_vector
data\landmarks\match_match_(4).npz,match,match_(4),45,landmark_vector
data\landmarks\match_match_(5).npz,match,match_(5),56,landmark_vector
data\landmarks\match_match_(6).npz,match,match_(6),43,landmark_vector
data\landmarks\match_match_(8).npz,match,match_(8),44,landmark_vector
data\landmarks\maybe_maybe_(3).npz,maybe,maybe_(3),75,landmark_vector
data\landmarks\maybe_maybe_(4).npz,maybe,maybe_(4),71,landmark_vector
data\landmarks\maybe_maybe_(6).npz,maybe,maybe_(6),59,landmark_vector
data\landmarks\me_me_(1).npz,me,me_(1),29,landmark_vector
data\landmarks\me_me_(2).npz,me,me_(2),23,landmark_vector
data\landmarks\me_me_(3).npz,me,me_(3),61,landmark_vector
data\landmarks\me_me_(4).npz,me,me_(4),64,landmark_vector
data\landmarks\me_me_(5).npz,me,me_(5),27,landmark_vector
data\landmarks\me_me_(6).npz,me,me_(6),64,landmark_vector
data\landmarks\miss_miss_(1).npz,miss,miss_(1),43,landmark_vector
data\landmarks\miss_miss_(2).npz,miss,miss_(2),22,landmark_vector
data\landmarks\miss_miss_(3).npz,miss,miss_(3),64,landmark_vector
data\landmarks\miss_miss_(4).npz,miss,miss_(4),34,landmark_vector
data\landmarks\miss_miss_(5).npz,miss,miss_(5),46,landmark_vector
data\landmarks\miss_miss_(6).npz,miss,miss_(6),23,landmark_vector
data\landmarks\miss_miss_(7).npz,miss,miss_(7),26,landmark_vector
data\landmarks\miss_miss_(8).npz,miss,miss_(8),46,landmark_vector
data\landmarks\mom_mom_(1).npz,mom,mom_(1),35,landmark_vector
data\landmarks\mom_mom_(2).npz,mom,mom_(2),35,landmark_vector
data\landmarks\mom_mom_(3).npz,mom,mom_(3),59,landmark_vector
data\landmarks\mom_mom_(4).npz,mom,mom_(4),38,landmark_vector
data\landmarks\mom_mom_(5).npz,mom,mom_(5),45,landmark_vector
data\landmarks\mom_mom_(6).npz,mom,mom_(6),30,landmark_vector
data\landmarks\mom_mom_(7).npz,mom,mom_(7),47,landmark_vector
data\landmarks\most_most_(1).npz,most,most_(1),38,landmark_vector
data\landmarks\most_most_(3).npz,most,most_(3),23,landmark_vector
data\landmarks\most_most_(4).npz,most,most_(4),55,landmark_vector
data\landmarks\most_most_(5).npz,most,most_(5),64,landmark_vector
data\landmarks\most_most_(6).npz,most,most_(6),45,landmark_vector
data\landmarks\most_most_(8).npz,most,most_(8),39,landmark_vector
data\landmarks\must_must_(1).npz,must,must_(1),24,landmark_vector
data\landmarks\must_must_(2).npz,must,must_(2),25,landmark_vector
data\landmarks\must_must_(3).npz,must,must_(3),27,landmark_vector
data\landmarks\must_must_(4).npz,must,must_(4),37,landmark_vector
data\landmarks\must_must_(5).npz,must,must_(5),48,landmark_vector
data\landmarks\must_must_(6).npz,must,must_(6),33,landmark_vector
data\landmarks\must_must_(7).npz,must,must_(7),26,landmark_vector
data\landmarks\my_my_(1).npz,my,my_(1),44,landmark_vector
data\landmarks\my_my_(2).npz,my,my_(2),36,landmark_vector
data\landmarks\my_my_(3).npz,my,my_(3),47,landmark_vector
data\landmarks\my_my_(4).npz,my,my_(4),29,landmark_vector
data\landmarks\my_my_(5).npz,my,my_(5),28,landmark_vector
data\landmarks\my_my_(6).npz,my,my_(6),29,landmark_vector
data\landmarks\my_my_(7).npz,my,my_(7),35,landmark_vector
data\landmarks\myself_myself_(1).npz,myself,myself_(1),51,landmark_vector
data\landmarks\myself_myself_(2).npz,myself,myself_(2),35,landmark_vector
data\landmarks\myself_myself_(3).npz,myself,myself_(3),53,landmark_vector
data\landmarks\myself_myself_(4).npz,myself,myself_(4),40,landmark_vector
data\landmarks\myself_myself_(5).npz,myself,myself_(5),25,landmark_vector
data\landmarks\myself_myself_(6).npz,myself,myself_(6),33,landmark_vector
data\landmarks\need_need_(1).npz,need,need_(1),37,landmark_vector
data\landmarks\need_need_(2).npz,need,need_(2),46,landmark_vector
data\landmarks\need_need_(3).npz,need,need_(3),30,landmark_vector
data\landmarks\need_need_(4).npz,need,need_(4),56,landmark_vector
data\landmarks\need_need_(5).npz,need,need_(5),62,landmark_vector
data\landmarks\need_need_(6).npz,need,need_(6),45,landmark_vector
data\landmarks\need_need_(7).npz,need,need_(7),26,landmark_vector
data\landmarks\never_never_(1).npz,never,never_(1),31,landmark_vector
data\landmarks\never_never_(2).npz,never,never_(2),32,landmark_vector
data\landmarks\never_never_(3).npz,never,never_(3),20,landmark_vector
data\landmarks\never_never_(4).npz,never,never_(4),67,landmark_vector
data\landmarks\never_never_(5).npz,never,never_(5),34,landmark_vector
data\landmarks\never_never_(6).npz,never,never_(6),27,landmark_vector
data\landmarks\never_never_(7).npz,never,never_(7),34,landmark_vector
data\landmarks\no_no_(1).npz,no,no_(1),25,landmark_vector
data\landmarks\no_no_(10).npz,no,no_(10),28,landmark_vector
data\landmarks\no_no_(11).npz,no,no_(11),45,landmark_vector
data\landmarks\no_no_(2).npz,no,no_(2),35,landmark_vector
data\landmarks\no_no_(3).npz,no,no_(3),31,landmark_vector
data\landmarks\no_no_(4).npz,no,no_(4),79,landmark_vector
data\landmarks\no_no_(5).npz,no,no_(5),46,landmark_vector
data\landmarks\no_no_(6).npz,no,no_(6),44,landmark_vector
data\landmarks\no_no_(7).npz,no,no_(7),53,landmark_vector
data\landmarks\no_no_(8).npz,no,no_(8),53,landmark_vector
data\landmarks\no_no_(9).npz,no,no_(9),24,landmark_vector
data\landmarks\none_none_(1).npz,none,none_(1),24,landmark_vector
data\landmarks\none_none_(2).npz,none,none_(2),36,landmark_vector
data\landmarks\none_none_(3).npz,none,none_(3),68,landmark_vector
data\landmarks\none_none_(4).npz,none,none_(4),35,landmark_vector
data\landmarks\not_not_(2).npz,not,not_(2),36,landmark_vector
data\landmarks\not_not_(3).npz,not,not_(3),66,landmark_vector
data\landmarks\not_not_(4).npz,not,not_(4),11,landmark_vector
data\landmarks\not_not_(5).npz,not,not_(5),61,landmark_vector
data\landmarks\not_not_(6).npz,not,not_(6),45,landmark_vector
data\landmarks\not_not_(7).npz,not,not_(7),21,landmark_vector
data\landmarks\nothing_nothing_(1).npz,nothing,nothing_(1),37,landmark_vector
data\landmarks\nothing_nothing_(2).npz,nothing,nothing_(2),35,landmark_vector
data\landmarks\nothing_nothing_(4).npz,nothing,nothing_(4),45,landmark_vector
data\landmarks\now_now_(2).npz,now,now_(2),27,landmark_vector
data\landmarks\now_now_(4).npz,now,now_(4),54,landmark_vector
data\landmarks\now_now_(5).npz,now,now_(5),41,landmark_vector
data\landmarks\now_now_(6).npz,now,now_(6),30,landmark_vector
data\landmarks\now_now_(7).npz,now,now_(7),33,landmark_vector
data\landmarks\now_now_(9).npz,now,now_(9),39,landmark_vector
data\landmarks\obtain_obtain_(1).npz,obtain,obtain_(1),42,landmark_vector
data\landmarks\obtain_obtain_(2).npz,obtain,obtain_(2),52,landmark_vector
data\landmarks\obtain_obtain_(3).npz,obtain,obtain_(3),66,landmark_vector
data\landmarks\obtain_obtain_(4).npz,obtain,obtain_(4),32,landmark_vector
data\landmarks\obtain_obtain_(6).npz,obtain,obtain_(6),38,landmark_vector
data\landmarks\off_off_(1).npz,off,off_(1),35,landmark_vector
data\landmarks\off_off_(2).npz,off,off_(2),42,landmark_vector
data\landmarks\off_off_(3).npz,off,off_(3),45,landmark_vector
data\landmarks\off_off_(4).npz,off,off_(4),54,landmark_vector
data\landmarks\off_off_(5).npz,off,off_(5),33,landmark_vector
data\landmarks\off_off_(7).npz,off,off_(7),35,landmark_vector
data\landmarks\often_often_(3).npz,often,often_(3),63,landmark_vector
data\landmarks\often_often_(4).npz,often,often_(4),64,landmark_vector
data\landmarks\often_often_(5).npz,often,often_(5),45,landmark_vector
data\landmarks\often_often_(6).npz,often,often_(6),38,landmark_vector
data\landmarks\often_often_(7).npz,often,often_(7),32,landmark_vector
data\landmarks\ok_ok_(1).npz,ok,ok_(1),27,landmark_vector
data\landmarks\ok_ok_(2).npz,ok,ok_(2),37,landmark_vector
data\landmarks\ok_ok_(3).npz,ok,ok_(3),27,landmark_vector
data\landmarks\ok_ok_(4).npz,ok,ok_(4),27,landmark_vector
data\landmarks\ok_ok_(5).npz,ok,ok_(5),39,landmark_vector
data\landmarks\ok_ok_(6).npz,ok,ok_(6),62,landmark_vector
data\landmarks\ok_ok_(7).npz,ok,ok_(7),21,landmark_vector
data\landmarks\ok_ok_(8).npz,ok,ok_(8),36,landmark_vector
data\landmarks\old_old_(1).npz,old,old_(1),27,landmark_vector
data\landmarks\old_old_(2).npz,old,old_(2),32,landmark_vector
data\landmarks\old_old_(3).npz,old,old_(3),23,landmark_vector
data\landmarks\old_old_(4).npz,old,old_(4),59,landmark_vector
data\landmarks\old_old_(5).npz,old,old_(5),32,landmark_vector
data\landmarks\old_old_(6).npz,old,old_(6),30,landmark_vector
data\landmarks\old_old_(7).npz,old,old_(7),38,landmark_vector
data\landmarks\on_on_(1).npz,on,on_(1),37,landmark_vector
data\landmarks\on_on_(2).npz,on,on_(2),36,landmark_vector
data\landmarks\on_on_(3).npz,on,on_(3),53,landmark_vector
data\landmarks\on_on_(4).npz,on,on_(4),64,landmark_vector
data\landmarks\on_on_(5).npz,on,on_(5),35,landmark_vector
data\landmarks\on_on_(6).npz,on,on_(6),41,landmark_vector
data\landmarks\once_once_(1).npz,once,once_(1),38,landmark_vector
data\landmarks\once_once_(2).npz,once,once_(2),56,landmark_vector
data\landmarks\once_once_(3).npz,once,once_(3),47,landmark_vector
data\landmarks\once_once_(5).npz,once,once_(5),32,landmark_vector
data\landmarks\only_only_(1).npz,only,only_(1),33,landmark_vector
data\landmarks\only_only_(2).npz,only,only_(2),48,landmark_vector
data\landmarks\only_only_(3).npz,only,only_(3),35,landmark_vector
data\landmarks\only_only_(4).npz,only,only_(4),50,landmark_vector
data\landmarks\only_only_(5).npz,only,only_(5),47,landmark_vector
data\landmarks\only_only_(6).npz,only,only_(6),46,landmark_vector
data\landmarks\only_only_(7).npz,only,only_(7),49,landmark_vector
data\landmarks\open_open_(2).npz,open,open_(2),40,landmark_vector
data\landmarks\open_open_(3).npz,open,open_(3),62,landmark_vector
data\landmarks\open_open_(5).npz,open,open_(5),33,landmark_vector
data\landmarks\open_open_(6).npz,open,open_(6),53,landmark_vector
data\landmarks\opposite_opposite_(1).npz,opposite,opposite_(1),80,landmark_vector
data\landmarks\opposite_opposite_(2).npz,opposite,opposite_(2),23,landmark_vector
data\landmarks\opposite_opposite_(4).npz,opposite,opposite_(4),45,landmark_vector
data\landmarks\opposite_opposite_(6).npz,opposite,opposite_(6),42,landmark_vector
data\landmarks\out_out_(1).npz,out,out_(1),36,landmark_vector
data\landmarks\out_out_(2).npz,out,out_(2),29,landmark_vector
data\landmarks\out_out_(3).npz,out,out_(3),46,landmark_vector
data\landmarks\out_out_(4).npz,out,out_(4),14,landmark_vector
data\landmarks\out_out_(6).npz,out,out_(6),18,landmark_vector
data\landmarks\outside_outside_(1).npz,outside,outside_(1),19,landmark_vector
data\landmarks\outside_outside_(2).npz,outside,outside_(2),33,landmark_vector
data\landmarks\outside_outside_(3).npz,outside,outside_(3),38,landmark_vector
data\landmarks\outside_outside_(5).npz,outside,outside_(5),33,landmark_vector
data\landmarks\outside_outside_(6).npz,outside,outside_(6),69,landmark_vector
data\landmarks\outside_outside_(7).npz,outside,outside_(7),42,landmark_vector
data\landmarks\outside_outside_(8).npz,outside,outside_(8),37,landmark_vector
data\landmarks\over_over_(1).npz,over,over_(1),75,landmark_vector
data\landmarks\over_over_(2).npz,over,over_(2),29,landmark_vector
data\landmarks\over_over_(3).npz,over,over_(3),57,landmark_vector
data\landmarks\over_over_(4).npz,over,over_(4),49,landmark_vector
data\landmarks\over_over_(5).npz,over,over_(5),36,landmark_vector
data\landmarks\over_over_(6).npz,over,over_(6),35,landmark_vector
data\landmarks\problem_problem_(1).npz,problem,problem_(1),69,landmark_vector
data\landmarks\problem_problem_(2).npz,problem,problem_(2),46,landmark_vector
data\landmarks\problem_problem_(3).npz,problem,problem_(3),39,landmark_vector
data\landmarks\problem_problem_(4).npz,problem,problem_(4),21,landmark_vector
data\landmarks\problem_problem_(5).npz,problem,problem_(5),69,landmark_vector
data\landmarks\problem_problem_(6).npz,problem,problem_(6),50,landmark_vector
data\landmarks\problem_problem_(7).npz,problem,problem_(7),47,landmark_vector
data\landmarks\protect_protect_(1).npz,protect,protect_(1),31,landmark_vector
data\landmarks\protect_protect_(2).npz,protect,protect_(2),18,landmark_vector
data\landmarks\protect_protect_(3).npz,protect,protect_(3),52,landmark_vector
data\landmarks\protect_protect_(4).npz,protect,protect_(4),24,landmark_vector
data\landmarks\protect_protect_(5).npz,protect,protect_(5),40,landmark_vector
data\landmarks\pull_pull_(1).npz,pull,pull_(1),76,landmark_vector
data\landmarks\pull_pull_(2).npz,pull,pull_(2),37,landmark_vector
data\landmarks\pull_pull_(6).npz,pull,pull_(6),46,landmark_vector
data\landmarks\pull_pull_(7).npz,pull,pull_(7),42,landmark_vector
data\landmarks\pull_pull_(8).npz,pull,pull_(8),29,landmark_vector
data\landmarks\pull_pull_(9).npz,pull,pull_(9),70,landmark_vector
data\landmarks\push_push_(1).npz,push,push_(1),57,landmark_vector
data\landmarks\push_push_(2).npz,push,push_(2),20,landmark_vector
data\landmarks\push_push_(5).npz,push,push_(5),28,landmark_vector
data\landmarks\push_push_(6).npz,push,push_(6),30,landmark_vector
data\landmarks\quality_quality_(1).npz,quality,quality_(1),68,landmark_vector
data\landmarks\quality_quality_(2).npz,quality,quality_(2),63,landmark_vector
data\landmarks\quality_quality_(3).npz,quality,quality_(3),21,landmark_vector
data\landmarks\quality_quality_(4).npz,quality,quality_(4),65,landmark_vector
data\landmarks\quality_quality_(5).npz,quality,quality_(5),28,landmark_vector
data\landmarks\quick_quick_(1).npz,quick,quick_(1),24,landmark_vector
data\landmarks\quick_quick_(3).npz,quick,quick_(3),64,landmark_vector
data\landmarks\quick_quick_(4).npz,quick,quick_(4),19,landmark_vector
data\landmarks\quick_quick_(5).npz,quick,quick_(5),33,landmark_vector
data\landmarks\quick_quick_(6).npz,quick,quick_(6),26,landmark_vector
data\landmarks\quiet_quiet_(1).npz,quiet,quiet_(1),38,landmark_vector
data\landmarks\quiet_quiet_(3).npz,quiet,quiet_(3),24,landmark_vector
data\landmarks\quiet_quiet_(4).npz,quiet,quiet_(4),94,landmark_vector
data\landmarks\quiet_quiet_(5).npz,quiet,quiet_(5),37,landmark_vector
data\landmarks\quiet_quiet_(6).npz,quiet,quiet_(6),34,landmark_vector
data\landmarks\read_read_(3).npz,read,read_(3),29,landmark_vector
data\landmarks\read_read_(4).npz,read,read_(4),65,landmark_vector
data\landmarks\read_read_(5).npz,read,read_(5),33,landmark_vector
data\landmarks\read_read_(6).npz,read,read_(6),34,landmark_vector
data\landmarks\ready_ready_(10).npz,ready,ready_(10),25,landmark_vector
data\landmarks\ready_ready_(4).npz,ready,ready_(4),66,landmark_vector
data\landmarks\ready_ready_(5).npz,ready,ready_(5),38,landmark_vector
data\landmarks\ready_ready_(6).npz,ready,ready_(6),44,landmark_vector
data\landmarks\ready_ready_(7).npz,ready,ready_(7),27,landmark_vector
data\landmarks\ready_ready_(8).npz,ready,ready_(8),42,landmark_vector
data\landmarks\ready_ready_(9).npz,ready,ready_(9),37,landmark_vector
data\landmarks\really_really_(1).npz,really,really_(1),45,landmark_vector
data\landmarks\really_really_(2).npz,really,really_(2),58,landmark_vector
data\landmarks\really_really_(3).npz,really,really_(3),39,landmark_vector
data\landmarks\really_really_(4).npz,really,really_(4),51,landmark_vector
data\landmarks\really_really_(5).npz,really,really_(5),37,landmark_vector
data\landmarks\really_really_(6).npz,really,really_(6),30,landmark_vector
data\landmarks\really_really_(7).npz,really,really_(7),48,landmark_vector
data\landmarks\remember_remember_(2).npz,remember,remember_(2),32,landmark_vector
data\landmarks\remember_remember_(3).npz,remember,remember_(3),30,landmark_vector
data\landmarks\remember_remember_(4).npz,remember,remember_(4),59,landmark_vector
data\landmarks\remember_remember_(5).npz,remember,remember_(5),44,landmark_vector
data\landmarks\remember_remember_(6).npz,remember,remember_(6),36,landmark_vector
data\landmarks\remember_remember_(7).npz,remember,remember_(7),21,landmark_vector
data\landmarks\remove_remove_(1).npz,remove,remove_(1),79,landmark_vector
data\landmarks\remove_remove_(2).npz,remove,remove_(2),29,landmark_vector
data\landmarks\remove_remove_(4).npz,remove,remove_(4),66,landmark_vector
data\landmarks\remove_remove_(5).npz,remove,remove_(5),23,landmark_vector
data\landmarks\remove_remove_(6).npz,remove,remove_(6),44,landmark_vector
data\landmarks\respect_respect_(2).npz,respect,respect_(2),37,landmark_vector
data\landmarks\respect_respect_(3).npz,respect,respect_(3),52,landmark_vector
data\landmarks\respect_respect_(4).npz,respect,respect_(4),45,landmark_vector
data\landmarks\respect_respect_(5).npz,respect,respect_(5),47,landmark_vector
data\landmarks\respect_respect_(6).npz,respect,respect_(6),35,landmark_vector
data\landmarks\rest_rest_(1).npz,rest,rest_(1),28,landmark_vector
data\landmarks\rest_rest_(2).npz,rest,rest_(2),78,landmark_vector
data\landmarks\rest_rest_(3).npz,rest,rest_(3),34,landmark_vector
data\landmarks\rest_rest_(4).npz,rest,rest_(4),38,landmark_vector
data\landmarks\rest_rest_(5).npz,rest,rest_(5),43,landmark_vector
data\landmarks\sad_sad_(2).npz,sad,sad_(2),45,landmark_vector
data\landmarks\sad_sad_(3).npz,sad,sad_(3),26,landmark_vector
data\landmarks\sad_sad_(6).npz,sad,sad_(6),28,landmark_vector
data\landmarks\sad_sad_(7).npz,sad,sad_(7),40,landmark_vector
data\landmarks\sad_sad_(8).npz,sad,sad_(8),45,landmark_vector
data\landmarks\same_same_(1).npz,same,same_(1),43,landmark_vector
data\landmarks\same_same_(3).npz,same,same_(3),29,landmark_vector
data\landmarks\same_same_(4).npz,same,same_(4),26,landmark_vector
data\landmarks\same_same_(5).npz,same,same_(5),61,landmark_vector
data\landmarks\same_same_(6).npz,same,same_(6),36,landmark_vector
data\landmarks\same_same_(7).npz,same,same_(7),29,landmark_vector
data\landmarks\say_say_(1).npz,say,say_(1),52,landmark_vector
data\landmarks\say_say_(2).npz,say,say_(2),66,landmark_vector
data\landmarks\say_say_(3).npz,say,say_(3),43,landmark_vector
data\landmarks\say_say_(4).npz,say,say_(4),56,landmark_vector
data\landmarks\say_say_(5).npz,say,say_(5),35,landmark_vector
data\landmarks\say_say_(6).npz,say,say_(6),28,landmark_vector
data\landmarks\say_say_(7).npz,say,say_(7),51,landmark_vector
data\landmarks\say_say_(8).npz,say,say_(8),66,landmark_vector
data\landmarks\show_show_(2).npz,show,show_(2),26,landmark_vector
data\landmarks\show_show_(4).npz,show,show_(4),46,landmark_vector
data\landmarks\show_show_(5).npz,show,show_(5),29,landmark_vector
data\landmarks\show_show_(6).npz,show,show_(6),56,landmark_vector
data\landmarks\show_show_(7).npz,show,show_(7),39,landmark_vector
data\landmarks\sit_sit_(1).npz,sit,sit_(1),44,landmark_vector
data\landmarks\sit_sit_(2).npz,sit,sit_(2),23,landmark_vector
data\landmarks\sit_sit_(4).npz,sit,sit_(4),56,landmark_vector
data\landmarks\sit_sit_(5).npz,sit,sit_(5),29,landmark_vector
data\landmarks\sit_sit_(6).npz,sit,sit_(6),35,landmark_vector
data\landmarks\sit_sit_(7).npz,sit,sit_(7),21,landmark_vector
data\landmarks\situation_situation_(2).npz,situation,situation_(2),64,landmark_vector
data\landmarks\situation_situation_(3).npz,situation,situation_(3),67,landmark_vector
data\landmarks\situation_situation_(4).npz,situation,situation_(4),62,landmark_vector
data\landmarks\situation_situation_(5).npz,situation,situation_(5),33,landmark_vector
data\landmarks\situation_situation_(6).npz,situation,situation_(6),30,landmark_vector
data\landmarks\some_some_(1).npz,some,some_(1),51,landmark_vector
data\landmarks\some_some_(3).npz,some,some_(3),32,landmark_vector
data\landmarks\some_some_(4).npz,some,some_(4),51,landmark_vector
data\landmarks\some_some_(5).npz,some,some_(5),51,landmark_vector
data\landmarks\some_some_(6).npz,some,some_(6),32,landmark_vector
data\landmarks\some_some_(7).npz,some,some_(7),68,landmark_vector
data\landmarks\sorry_sorry_(1).npz,sorry,sorry_(1),83,landmark_vector
data\landmarks\sorry_sorry_(2).npz,sorry,sorry_(2),65,landmark_vector
data\landmarks\sorry_sorry_(3).npz,sorry,sorry_(3),71,landmark_vector
data\landmarks\sorry_sorry_(4).npz,sorry,sorry_(4),42,landmark_vector
data\landmarks\sorry_sorry_(5).npz,sorry,sorry_(5),50,landmark_vector
data\landmarks\sorry_sorry_(6).npz,sorry,sorry_(6),41,landmark_vector
data\landmarks\sorry_sorry_(7).npz,sorry,sorry_(7),31,landmark_vector
data\landmarks\start_start_(1).npz,start,start_(1),30,landmark_vector
data\landmarks\start_start_(2).npz,start,start_(2),58,landmark_vector
data\landmarks\start_start_(3).npz,start,start_(3),38,landmark_vector
data\landmarks\start_start_(4).npz,start,start_(4),31,landmark_vector
data\landmarks\start_start_(5).npz,start,start_(5),64,landmark_vector
data\landmarks\stop_stop_(1).npz,stop,stop_(1),48,landmark_vector
data\landmarks\stop_stop_(2).npz,stop,stop_(2),36,landmark_vector
data\landmarks\stop_stop_(3).npz,stop,stop_(3),48,landmark_vector
data\landmarks\stop_stop_(4).npz,stop,stop_(4),23,landmark_vector
data\landmarks\stop_stop_(6).npz,stop,stop_(6),62,landmark_vector
data\landmarks\sure_sure_(1).npz,sure,sure_(1),37,landmark_vector
data\landmarks\sure_sure_(2).npz,sure,sure_(2),20,landmark_vector
data\landmarks\sure_sure_(3).npz,sure,sure_(3),42,landmark_vector
data\landmarks\sure_sure_(4).npz,sure,sure_(4),37,landmark_vector
data\landmarks\sure_sure_(5).npz,sure,sure_(5),30,landmark_vector
data\landmarks\sure_sure_(6).npz,sure,sure_(6),64,landmark_vector
data\landmarks\taste_taste_(1).npz,taste,taste_(1),50,landmark_vector
data\landmarks\taste_taste_(2).npz,taste,taste_(2),53,landmark_vector
data\landmarks\taste_taste_(3).npz,taste,taste_(3),49,landmark_vector
data\landmarks\taste_taste_(4).npz,taste,taste_(4),41,landmark_vector
data\landmarks\taste_taste_(5).npz,taste,taste_(5),32,landmark_vector
data\landmarks\taste_taste_(6).npz,taste,taste_(6),34,landmark_vector
data\landmarks\tell_tell_(1).npz,tell,tell_(1),36,landmark_vector
data\landmarks\tell_tell_(10).npz,tell,tell_(10),28,landmark_vector
data\landmarks\tell_tell_(2).npz,tell,tell_(2),24,landmark_vector
data\landmarks\tell_tell_(3).npz,tell,tell_(3),56,landmark_vector
data\landmarks\tell_tell_(4).npz,tell,tell_(4),43,landmark_vector
data\landmarks\tell_tell_(5).npz,tell,tell_(5),56,landmark_vector
data\landmarks\tell_tell_(6).npz,tell,tell_(6),44,landmark_vector
data\landmarks\tell_tell_(7).npz,tell,tell_(7),42,landmark_vector
data\landmarks\tell_tell_(8).npz,tell,tell_(8),40,landmark_vector
data\landmarks\tell_tell_(9).npz,tell,tell_(9),40,landmark_vector
data\landmarks\than_than_(2).npz,than,than_(2),56,landmark_vector
data\landmarks\than_than_(3).npz,than,than_(3),27,landmark_vector
data\landmarks\thank you_thank_you_(1).npz,thank you,thank_you_(1),32,landmark_vector
data\landmarks\thank you_thank_you_(2).npz,thank you,thank_you_(2),51,landmark_vector
data\landmarks\thank you_thank_you_(3).npz,thank you,thank_you_(3),38,landmark_vector
data\landmarks\thank you_thank_you_(4).npz,thank you,thank_you_(4),40,landmark_vector
data\landmarks\thank you_thank_you_(5).npz,thank you,thank_you_(5),31,landmark_vector
data\landmarks\thank you_thank_you_(6).npz,thank you,thank_you_(6),21,landmark_vector
data\landmarks\thank you_thank_you_(7).npz,thank you,thank_you_(7),64,landmark_vector
data\landmarks\that_that_(1).npz,that,that_(1),45,landmark_vector
data\landmarks\that_that_(2).npz,that,that_(2),41,landmark_vector
data\landmarks\that_that_(3).npz,that,that_(3),32,landmark_vector
data\landmarks\that_that_(4).npz,that,that_(4),27,landmark_vector
data\landmarks\that_that_(5).npz,that,that_(5),23,landmark_vector
data\landmarks\them_them_(1).npz,them,them_(1),45,landmark_vector
data\landmarks\them_them_(2).npz,them,them_(2),57,landmark_vector
data\landmarks\them_them_(3).npz,them,them_(3),42,landmark_vector
data\landmarks\them_them_(4).npz,them,them_(4),26,landmark_vector
data\landmarks\them_them_(5).npz,them,them_(5),59,landmark_vector
data\landmarks\think_think_(1).npz,think,think_(1),28,landmark_vector
data\landmarks\think_think_(2).npz,think,think_(2),21,landmark_vector
data\landmarks\think_think_(3).npz,think,think_(3),63,landmark_vector
data\landmarks\think_think_(4).npz,think,think_(4),33,landmark_vector
data\landmarks\think_think_(5).npz,think,think_(5),24,landmark_vector
data\landmarks\think_think_(6).npz,think,think_(6),22,landmark_vector
data\landmarks\think_think_(7).npz,think,think_(7),48,landmark_vector
data\landmarks\think_think_(8).npz,think,think_(8),64,landmark_vector
data\landmarks\time_time_(2).npz,time,time_(2),37,landmark_vector
data\landmarks\time_time_(3).npz,time,time_(3),62,landmark_vector
data\landmarks\time_time_(4).npz,time,time_(4),60,landmark_vector
data\landmarks\time_time_(5).npz,time,time_(5),28,landmark_vector
data\landmarks\time_time_(8).npz,time,time_(8),47,landmark_vector
data\landmarks\to_to_(1).npz,to,to_(1),31,landmark_vector
data\landmarks\to_to_(3).npz,to,to_(3),21,landmark_vector
data\landmarks\to_to_(4).npz,to,to_(4),60,landmark_vector
data\landmarks\to_to_(5).npz,to,to_(5),60,landmark_vector
data\landmarks\to_to_(6).npz,to,to_(6),64,landmark_vector
data\landmarks\to_to_(7).npz,to,to_(7),31,landmark_vector
data\landmarks\together_together_(1).npz,together,together_(1),37,landmark_vector
data\landmarks\together_together_(2).npz,together,together_(2),59,landmark_vector
data\landmarks\together_together_(3).npz,together,together_(3),60,landmark_vector
data\landmarks\together_together_(4).npz,together,together_(4),62,landmark_vector
data\landmarks\together_together_(5).npz,together,together_(5),46,landmark_vector
data\landmarks\true_true_(1).npz,true,true_(1),17,landmark_vector
data\landmarks\true_true_(2).npz,true,true_(2),20,landmark_vector
data\landmarks\true_true_(3).npz,true,true_(3),46,landmark_vector
data\landmarks\true_true_(4).npz,true,true_(4),37,landmark_vector
data\landmarks\true_true_(5).npz,true,true_(5),30,landmark_vector
data\landmarks\true_true_(6).npz,true,true_(6),64,landmark_vector
data\landmarks\try_try_(1).npz,try,try_(1),33,landmark_vector
data\landmarks\try_try_(3).npz,try,try_(3),32,landmark_vector
data\landmarks\try_try_(4).npz,try,try_(4),59,landmark_vector
data\landmarks\try_try_(5).npz,try,try_(5),22,landmark_vector
data\landmarks\ugly_ugly_(1).npz,ugly,ugly_(1),25,landmark_vector
data\landmarks\ugly_ugly_(2).npz,ugly,ugly_(2),43,landmark_vector
data\landmarks\ugly_ugly_(3).npz,ugly,ugly_(3),20,landmark_vector
data\landmarks\ugly_ugly_(4).npz,ugly,ugly_(4),49,landmark_vector
data\landmarks\ugly_ugly_(5).npz,ugly,ugly_(5),40,landmark_vector
data\landmarks\ugly_ugly_(7).npz,ugly,ugly_(7),34,landmark_vector
data\landmarks\ugly_ugly_(8).npz,ugly,ugly_(8),34,landmark_vector
data\landmarks\ugly_ugly_(9).npz,ugly,ugly_(9),43,landmark_vector
data\landmarks\understand_understand_(1).npz,understand,understand_(1),3,landmark_vector
data\landmarks\understand_understand_(2).npz,understand,understand_(2),25,landmark_vector
data\landmarks\understand_understand_(3).npz,understand,understand_(3),54,landmark_vector
data\landmarks\understand_understand_(4).npz,understand,understand_(4),51,landmark_vector
data\landmarks\understand_understand_(5).npz,understand,understand_(5),48,landmark_vector
data\landmarks\understand_understand_(6).npz,understand,understand_(6),39,landmark_vector
data\landmarks\understand_understand_(7).npz,understand,understand_(7),32,landmark_vector
data\landmarks\unique_unique_(1).npz,unique,unique_(1),51,landmark_vector
data\landmarks\unique_unique_(3).npz,unique,unique_(3),35,landmark_vector
data\landmarks\unique_unique_(4).npz,unique,unique_(4),42,landmark_vector
data\landmarks\unique_unique_(5).npz,unique,unique_(5),35,landmark_vector
data\landmarks\until_until_(2).npz,until,until_(2),46,landmark_vector
data\landmarks\until_until_(3).npz,until,until_(3),28,landmark_vector
data\landmarks\until_until_(4).npz,until,until_(4),60,landmark_vector
data\landmarks\until_until_(5).npz,until,until_(5),23,landmark_vector
data\landmarks\until_until_(6).npz,until,until_(6),31,landmark_vector
data\landmarks\upset_upset_(1).npz,upset,upset_(1),39,landmark_vector
data\landmarks\upset_upset_(10).npz,upset,upset_(10),59,landmark_vector
data\landmarks\upset_upset_(2).npz,upset,upset_(2),25,landmark_vector
data\landmarks\upset_upset_(3).npz,upset,upset_(3),18,landmark_vector
data\landmarks\upset_upset_(4).npz,upset,upset_(4),68,landmark_vector
data\landmarks\upset_upset_(5).npz,upset,upset_(5),40,landmark_vector
data\landmarks\upset_upset_(6).npz,upset,upset_(6),51,landmark_vector
data\landmarks\upset_upset_(7).npz,upset,upset_(7),36,landmark_vector
data\landmarks\upset_upset_(8).npz,upset,upset_(8),28,landmark_vector
data\landmarks\upset_upset_(9).npz,upset,upset_(9),26,landmark_vector
data\landmarks\use_use_(1).npz,use,use_(1),40,landmark_vector
data\landmarks\use_use_(2).npz,use,use_(2),47,landmark_vector
data\landmarks\use_use_(3).npz,use,use_(3),64,landmark_vector
data\landmarks\use_use_(4).npz,use,use_(4),42,landmark_vector
data\landmarks\use_use_(5).npz,use,use_(5),34,landmark_vector
data\landmarks\use_use_(6).npz,use,use_(6),64,landmark_vector
data\landmarks\very_very_(1).npz,very,very_(1),30,landmark_vector
data\landmarks\very_very_(2).npz,very,very_(2),26,landmark_vector
data\landmarks\very_very_(3).npz,very,very_(3),64,landmark_vector
data\landmarks\very_very_(4).npz,very,very_(4),39,landmark_vector
data\landmarks\very_very_(7).npz,very,very_(7),45,landmark_vector
data\landmarks\visit_visit_(1).npz,visit,visit_(1),33,landmark_vector
data\landmarks\visit_visit_(2).npz,visit,visit_(2),49,landmark_vector
data\landmarks\visit_visit_(4).npz,visit,visit_(4),20,landmark_vector
data\landmarks\visit_visit_(5).npz,visit,visit_(5),17,landmark_vector
data\landmarks\visit_visit_(7).npz,visit,visit_(7),62,landmark_vector
data\landmarks\wait_wait_(10).npz,wait,wait_(10),26,landmark_vector
data\landmarks\wait_wait_(3).npz,wait,wait_(3),58,landmark_vector
data\landmarks\wait_wait_(4).npz,wait,wait_(4),22,landmark_vector
data\landmarks\wait_wait_(5).npz,wait,wait_(5),34,landmark_vector
data\landmarks\wait_wait_(6).npz,wait,wait_(6),65,landmark_vector
data\landmarks\wait_wait_(7).npz,wait,wait_(7),46,landmark_vector
data\landmarks\wait_wait_(8).npz,wait,wait_(8),71,landmark_vector
data\landmarks\we_we_(1).npz,we,we_(1),39,landmark_vector
data\landmarks\we_we_(3).npz,we,we_(3),59,landmark_vector
data\landmarks\we_we_(4).npz,we,we_(4),64,landmark_vector
data\landmarks\we_we_(5).npz,we,we_(5),44,landmark_vector
data\landmarks\we_we_(6).npz,we,we_(6),26,landmark_vector
data\landmarks\we_we_(7).npz,we,we_(7),27,landmark_vector
data\landmarks\we_we_(8).npz,we,we_(8),37,landmark_vector
data\landmarks\what_what_(1).npz,what,what_(1),30,landmark_vector
data\landmarks\what_what_(11).npz,what,what_(11),24,landmark_vector
data\landmarks\what_what_(12).npz,what,what_(12),33,landmark_vector
data\landmarks\what_what_(4).npz,what,what_(4),17,landmark_vector
data\landmarks\what_what_(5).npz,what,what_(5),27,landmark_vector
data\landmarks\what_what_(7).npz,what,what_(7),52,landmark_vector
data\landmarks\what_what_(8).npz,what,what_(8),37,landmark_vector
data\landmarks\what_what_(9).npz,what,what_(9),30,landmark_vector
data\landmarks\when_when_(1).npz,when,when_(1),39,landmark_vector
data\landmarks\when_when_(2).npz,when,when_(2),40,landmark_vector
data\landmarks\when_when_(4).npz,when,when_(4),65,landmark_vector
data\landmarks\when_when_(5).npz,when,when_(5),52,landmark_vector
data\landmarks\when_when_(6).npz,when,when_(6),36,landmark_vector
data\landmarks\when_when_(7).npz,when,when_(7),27,landmark_vector
data\landmarks\when_when_(8).npz,when,when_(8),51,landmark_vector
data\landmarks\where_where_(1).npz,where,where_(1),36,landmark_vector
data\landmarks\where_where_(2).npz,where,where_(2),30,landmark_vector
data\landmarks\where_where_(3).npz,where,where_(3),30,landmark_vector
data\landmarks\where_where_(4).npz,where,where_(4),53,landmark_vector
data\landmarks\where_where_(5).npz,where,where_(5),46,landmark_vector
data\landmarks\where_where_(6).npz,where,where_(6),30,landmark_vector
data\landmarks\where_where_(7).npz,where,where_(7),32,landmark_vector
data\landmarks\which_which_(1).npz,which,which_(1),39,landmark_vector
data\landmarks\which_which_(2).npz,which,which_(2),30,landmark_vector
data\landmarks\which_which_(3).npz,which,which_(3),53,landmark_vector
data\landmarks\which_which_(4).npz,which,which_(4),62,landmark_vector
data\landmarks\which_which_(5).npz,which,which_(5),28,landmark_vector
data\landmarks\while_while_(1).npz,while,while_(1),56,landmark_vector
data\landmarks\while_while_(2).npz,while,while_(2),21,landmark_vector
data\landmarks\while_while_(3).npz,while,while_(3),50,landmark_vector
data\landmarks\while_while_(4).npz,while,while_(4),55,landmark_vector
data\landmarks\while_while_(6).npz,while,while_(6),33,landmark_vector
data\landmarks\will_will_(1).npz,will,will_(1),46,landmark_vector
data\landmarks\will_will_(2).npz,will,will_(2),24,landmark_vector
data\landmarks\will_will_(3).npz,will,will_(3),23,landmark_vector
data\landmarks\will_will_(4).npz,will,will_(4),46,landmark_vector
data\landmarks\will_will_(5).npz,will,will_(5),62,landmark_vector
data\landmarks\yes_yes_(1).npz,yes,yes_(1),27,landmark_vector
data\landmarks\yes_yes_(10).npz,yes,yes_(10),45,landmark_vector
data\landmarks\yes_yes_(11).npz,yes,yes_(11),27,landmark_vector
data\landmarks\yes_yes_(12).npz,yes,yes_(12),47,landmark_vector
data\landmarks\yes_yes_(2).npz,yes,yes_(2),22,landmark_vector
data\landmarks\yes_yes_(3).npz,yes,yes_(3),8,landmark_vector
data\landmarks\yes_yes_(4).npz,yes,yes_(4),34,landmark_vector
data\landmarks\yes_yes_(5).npz,yes,yes_(5),49,landmark_vector
data\landmarks\yes_yes_(6).npz,yes,yes_(6),37,landmark_vector
data\landmarks\yes_yes_(7).npz,yes,yes_(7),55,landmark_vector
data\landmarks\yes_yes_(8).npz,yes,yes_(8),46,landmark_vector
data\landmarks\yes_yes_(9).npz,yes,yes_(9),52,landmark_vector
data\landmarks\yesterday_yesterday_(1).npz,yesterday,yesterday_(1),25,landmark_vector
data\landmarks\yesterday_yesterday_(10).npz,yesterday,yesterday_(10),30,landmark_vector
data\landmarks\yesterday_yesterday_(2).npz,yesterday,yesterday_(2),38,landmark_vector
data\landmarks\yesterday_yesterday_(3).npz,yesterday,yesterday_(3),42,landmark_vector
data\landmarks\yesterday_yesterday_(4).npz,yesterday,yesterday_(4),41,landmark_vector
data\landmarks\yesterday_yesterday_(5).npz,yesterday,yesterday_(5),29,landmark_vector
data\landmarks\yesterday_yesterday_(6).npz,yesterday,yesterday_(6),55,landmark_vector
data\landmarks\yesterday_yesterday_(7).npz,yesterday,yesterday_(7),47,landmark_vector
data\landmarks\yesterday_yesterday_(8).npz,yesterday,yesterday_(8),54,landmark_vector
data\landmarks\yesterday_yesterday_(9).npz,yesterday,yesterday_(9),32,landmark_vector
data\landmarks\you_you_(1).npz,you,you_(1),23,landmark_vector
data\landmarks\you_you_(2).npz,you,you_(2),19,landmark_vector
data\landmarks\you_you_(3).npz,you,you_(3),24,landmark_vector
data\landmarks\you_you_(4).npz,you,you_(4),31,landmark_vector
data\landmarks\you_you_(5).npz,you,you_(5),53,landmark_vector
data\landmarks\you_you_(6).npz,you,you_(6),50,landmark_vector
data\landmarks\you_you_(7).npz,you,you_(7),35,landmark_vector
data\landmarks\you_you_(8).npz,you,you_(8),40,landmark_vector
data\landmarks\you_you_(9).npz,you,you_(9),30,landmark_vector
data\landmarks\young_young_(2).npz,young,young_(2),31,landmark_vector
data\landmarks\young_young_(3).npz,young,young_(3),61,landmark_vector
data\landmarks\young_young_(4).npz,young,young_(4),48,landmark_vector
data\landmarks\young_young_(6).npz,young,young_(6),64,landmark_vector
data\landmarks\yourself_yourself_(1).npz,yourself,yourself_(1),59,landmark_vector
data\landmarks\yourself_yourself_(2).npz,yourself,yourself_(2),31,landmark_vector
data\landmarks\yourself_yourself_(3).npz,yourself,yourself_(3),30,landmark_vector
data\landmarks\yourself_yourself_(4).npz,yourself,yourself_(4),49,landmark_vector
data\landmarks\yourself_yourself_(5).npz,yourself,yourself_(5),29,landmark_vector
data\landmarks\yourself_yourself_(6).npz,yourself,yourself_(6),33,landmark_vector
